-- phpMyAdmin SQL Dump
-- version 4.8.0.1
-- https://www.phpmyadmin.net/
--
-- Servidor: 127.0.0.1
-- Tiempo de generación: 29-05-2018 a las 01:12:07
-- Versión del servidor: 10.1.32-MariaDB
-- Versión de PHP: 7.2.5

SET SQL_MODE = "NO_AUTO_VALUE_ON_ZERO";
SET AUTOCOMMIT = 0;
START TRANSACTION;
SET time_zone = "+00:00";


/*!40101 SET @OLD_CHARACTER_SET_CLIENT=@@CHARACTER_SET_CLIENT */;
/*!40101 SET @OLD_CHARACTER_SET_RESULTS=@@CHARACTER_SET_RESULTS */;
/*!40101 SET NAMES utf8mb4 */;

--
-- Base de datos: `bd_control_asistencia`
--

-- --------------------------------------------------------

--
-- Estructura de tabla para la tabla `asistencia`
--

CREATE TABLE `asistencia` (
  `codigo_asistencia` varchar(30) NOT NULL,
  `fecha` date NOT NULL,
  `estado` varchar(10) NOT NULL DEFAULT 'activa',
  `grupo_codigo` varchar(10) NOT NULL
) ENGINE=InnoDB DEFAULT CHARSET=latin1;

--
-- Volcado de datos para la tabla `asistencia`
--

INSERT INTO `asistencia` (`codigo_asistencia`, `fecha`, `estado`, `grupo_codigo`) VALUES
('mt-01gr-01:2742018', '2018-05-27', 'activa', 'gr-01'),
('mt-01gr-01:2752018', '2018-05-27', 'activa', 'gr-01'),
('mt-01gr-01:2852018', '2018-05-28', 'activa', 'gr-01'),
('mt-01gr02:2852018', '2018-05-28', 'inactiva', 'gr02'),
('mt-02gr-02:2852018', '2018-05-28', 'inactiva', 'gr-02');

-- --------------------------------------------------------

--
-- Estructura de tabla para la tabla `estudiante`
--

CREATE TABLE `estudiante` (
  `codigo` varchar(10) NOT NULL,
  `nombre` varchar(30) DEFAULT NULL,
  `apellido` varchar(30) DEFAULT NULL,
  `correo` varchar(50) DEFAULT NULL,
  `telefono` varchar(10) DEFAULT NULL,
  `huella` mediumblob NOT NULL,
  `grupo_codigo` varchar(10) NOT NULL
) ENGINE=InnoDB DEFAULT CHARSET=latin1;

--
-- Volcado de datos para la tabla `estudiante`
--

INSERT INTO `estudiante` (`codigo`, `nombre`, `apellido`, `correo`, `telefono`, `huella`, `grupo_codigo`) VALUES
('1023456877', 'eli ', 'car', 'smik12@hotmal.com', '31234567', 0x00f83501c82ae3735cc0413709ab71b0d4145597b6e8ea589b707679820ea0e8d2bacbd7922ad77357775acd0bb341e73fb33837e0bde4fb19a92e31a14007b23c4994631da828e6dc40cbecab04c3d8f4d95b22d6160f286a2c0d77249f2fa1a1da38c292a8cd436dee0135d23281d1adbaecbe9446d88766781c1d78c023300127e0589f5574ec4f9bcaddc3814d82212d082e86125b031ea3b75ae913a62794bdc4011c36cbdb02065fe05f17a3d260b497ef1860f99a74dc23a36e1f556292d7e5d62a9c19595366d92bcd4784473916524a01b952fd1a524c31e569b09bbd74fd02d9ed340f3ba02aabf6395fa6183a7261076374ff55a7734ddf33572755d44c43fb827626d843676108009db90181df289f68205f38df8f4265bc97ea15d043f1e1c4965a4e76b6eda432929893f76633cd3b8b71296f00f86d01c82ae3735cc0413709ab7130c414559769b4981be00f1688a4e83e582e7351b5cfb855fa8cfe7ba518fb6ee0ba62c8fe18e1fc07ba7a432e05c136f32d2195285a7e073519ea6f00e512e4a67a4174a51377dde3ca98f8a2e27d0012b244cdbfe1777a4ffe68464bca9e9ab901ad0be0e845711d4786c55527e63c726b83adb070d6502093282854902c65009db48a38b259c10c30b8229228f193fab1124943d8acb09fca98bbc0c509fbaf2f37c0a57add1f4582e5c9cbe948a45d6bfe7284d7888ad6020d3d368a70df29e3fd08743edc0eb19ca9d3cb7636ae803e5db1c05ccf809766fa3448700211571020cf423c615cd3daa1018418de1e45f046449d790cf5d6387af65684b16f165e6cb5ce60ee6fd91b6f5a440522b73e65f0a5da63f8495191c63a1a13b18d7657dfa2abb5fa6bf2ce13d9e205f178ea778b39f8dad66f32436d3cd09b8ec2859eadfc650fbf9fa1ef92a02aa1d401c589b36f28e7c964627d38c8969aad9bc1896f00f88001c82ae3735cc0413709ab71b0fa14559723654e172ae6d0a4a0f02360f3400c69c3a9711a6b59e7f993634cb294ce0a17eec57f0fb323392cd2b3556064caa01c380696f4cd4f68bf2aeb7c47c93420c881fb25d7aa1a9e83af5f4a7b342a44d7f29af57c9d55f5dfea4574eb65723e4f7174508abd922aabc15a01ad55b5086528e5ad38b045a016ab70b8c23357712d5c93c28a3f7c7166babac7f50d4af3343f4056ce4e06bb296e70592e764dd55330349dd93a21638b6bdd5b55aba58e416ca0e8ca921165099c44a32b69d89c4bf15a7d7d394952f6f76ff23f59ba05cb1505cb5ef01f694a8e95fa020f6a198ef048caac4c8d18d5ee9ffe44d1af5551b6eaa54216ab8332c2d55b908362284e482a26568995083986ebf61c60d0f6ac135d47e5062b97cdea409111c492b62a23dc7c75007d7ae85741a28a3d68369d31ef44496d21c50c53453aa1301fbe301fbd3c7acbbad96cd5f1132b1ec579712866aded270c1961403ef946cbe7f2dc86f9d011f9f53d9dfe49e82d95d3a9f06f00e87e01c82ae3735cc0413709ab7170d2145597b51f4f7feb18faaea636137080acd3037a5efa13c435dc0ae5c30a3b1b5120d97aa4cb3c6e067ff90293cf513412a8ed9f64324103da97e87ab78bf309255bba7c458c228a62a0f0614e8d3fa542dbbf6581b90135828bce2e775cacd14098ed873b69103cbbebf04ae434b27cb097a69093398b09dddff572e6a5bc8f0fcb59b21c5ceaf8d2b0fb4576d3625e777b02a6e384d5791f0d0219dd850e53f3d50e72bfef02aacdd8ce766efcd797afc4040dfd7c324ab3aa9c0bd237be3f59501fe06531794f2918875fe83773e5f3c94d91a753fa77dcf86b55dc7bf9edc382d4186b4262bb817e15999880d527698f7a9b2d19c796a0d559d23353e564a7276106f75c01cbfe024f9ab84ba812c7ef178e8051b34531dae5828ea34a53ba46612232a50cc5667b24f1a2c65958eb50bdfa9c35e139be6e7edfe0073dd7fbf8ae5f78ca32fb81e282aadfa438961d5247ee4e5873a6bf9634b0366c50b8beb58a775f1bff08cb04c8bca3984cf2e76f00000000000000000000000000000000000000000000000000000000000000000000000000000000000000000000000000000000000000000000000000000000000000000000000000000000000000000000000000000000000000000000000000000000000000000000000000000000000000000000000000000000000000000000000000000000000000000000000000000000000000000000000000000000000000000000000000000000, 'gr-01'),
('1065653933', 'Eynys Keyvyn', 'Mcken Perez', 'eynysm@gmail.com', '3015715535', 0x00f87e01c82ae3735cc0413709ab7170e114559788359dc5fdd73a3325c9f0375dc14f5684d2adead87d676041be714c9156012b317c4dfc8e81e8f96e1d3f4e15776259eece3154ce1c33086e884462e04236e53279b01f462455165b9f7643e07d482f9f4324a85240e976d056cd0b675a5e6454f6d6684eab3b8bdd48c302bb9e8da18e8dffcb7729c273a9ec0eaaf0f06232108ee30faa9870d748697409c0cb3244be9b6b662f516b043227ffbda316eb65f421042a73695810f0914ad8f4a1de85737340b55000e25b0db5d61adcaa9ede1cb9c06ec33139a4632b262e51ec2e6995ef1f50f2eefea4756c058d7a18769ea883d247a4c6ff3a7e2a18da4390d400078755ab46a890edc37e0f7edc1567ebbc02846493d57973c7e01e4c5d02317a42191b3933b778a8f3fec8d0e74029583decd49d2d271995602b54b4f26659b71bda299d24aa01c5ab3f805c19821fbe73424d27491506923584cfe5f48b66d6260c87009d182d99f2b022802e21b09cd3c1df0ee90ec8f2ef4c3934c79a6f00f88101c82ae3735cc0413709ab71308314559727dfe38ebc0fdca51c9ce73789760f527587e021bdf766502cbb0d137da08072e17ec50f6165714649ad930dea06397de3d1ff5b735f7a84840ed5cfb031bfeeb5f8735ace13adcd2238cc9fccfc81a4c520037868cdca8426ae70504c9f2745bc9c05233ee789a6c8e0b1686aa9b8917194d465dade816f5088040f2005b943e85fd9736c69a9a4ca5f02ad03664fc495d7b1bfebc05d8d6313d538f383629b5978250ea16fca2d260bc453f5aabb148ebdaf106c19bf18878e25bcd169a16e52b033eee591360aa2ee6efa6203f8ce5a5f5af99d5f339e6570f1687558e709d513471be1f11912536ca3f0201c2ebf8e4ac3ad0445651c3d47d9cc791a03da6020a00d26ab623810db848f9636aa31c874d8f4905e03a1c67c3e2ef1043276f9a63fb3cff9dd9e5126ed7a81a2a10079257aa7534a50ff378a64f612efaa6b27eee0fa3f686500222cb4bd902d793ed1484aa345630dccc669b41c47fa369bd8915ebd8798a66fb3b0f1a0e82a0645046f00f87f01c82ae3735cc0413709ab71b0f6145597c323e9a578ebbc8e70ad1829cff603a6dc2ddda46d030a23ea9bc15db34469c689d6fc0f540e32af55cff32e9f92e7970d43e9ac58ceeb7e16465203a418448231ab744da8942135a6eb58814dbad8336ce56dee14e62ba41e4e35c0c2e395affeb7c1fba7b438067653469aaf8909d83f07ca62f8ef8cc6ec4ea242886b18db09ad33426baade36564e2b9c8a14f5fa728f581016e78224ed4968ab9cc2b843da6bb89dcd8f8dec30c96a6fb5960154d870ce7844df73d9420d1ee1e01a813da84871ebfdd1cf4aa2d83cbcdeb5daaf0ccc4242bb1bf2dc1a9685cd5e50acae8e0c6d1fcb510b933fd69e9ede4abee1803760e0153f50d3028d515a4d344e40039a9be028d1c2d0253727e00c10b9ab6076c15aa2a8084eb31446a0206c84eb3324f0b036dc8dd38a7170eb63d21c37457b4ebe609f3b57a32451afdf788f3ea7034f944c95d0424b28fdf1877c3186a599fb42f1367dbf36d8bdc0e4d084a75f0dafb3a5ce519f10f1123be0fb036f00e88001c82ae3735cc0413709ab71308814559792f88ce7ab3054c16cbeb035678ba6d6dec769c25228bff34ff00b6c479a09f3d87d7c1a2a5874668a297a7d0916f907e7273402fdd5ed6806705e941cdeea71fdcf2fb1d81d505f807b04c7c7a08a068be5a8410cc84dacb6f29d3bc85d527fd6332d8fa32babfcea251dfa90b3ac8ef6ddb0132ea942cb782c8ba22bf62109c78ddc280a4703c3ea1231ac744bdef4d414ee3482c2a9a0f755baec723cd02d752e43007479c98c9a240824ea0a1be48e064d66f844107b7e14670cc7d437a94fb48b3cad51f737a95b91c27e41232ee85ee64dbe73aac5222690ca848a59a7825e80984ef88d359e662ee5270b0b8e7ee932ba87336ae508f0cc1cad8d73660904574829da329dc7e0945f44e237539ec1f5b18390f4f2967597f60a4e363e93ec279118568b24bf4d816ab29692624330423f0cfb401a15261db01259da486ce5d4415c958220c3bf0457b1c3200ec64f9a728ce7f554641a9d52952bf6f2dad631cae726a66705855f278131139b6f000000000000000000000000000000000000000000000000000000000000000000000000000000000000000000000000000000000000000000000000000000000000000000000000000000000000, 'gr-01'),
('1085102397', 'jeordy oskar', 'mora vega', 'jeordy_mora@hotmail.com', '3046302843', 0x00f87f01c82ae3735cc0413709ab71f089145597ff76bbcdddeb19c7d72717b8e9520b2625240e6f787c0a8fcf7416e55b5b6d121d5da9c64de44ab859f46611465526643eca6ad717942d5c42a1393c5c3e943a5aa25813ba11fa9bf270185d17e564421000faccd896f29427dd7dffacefdf4f61952739ffa8dca2072b49d72278e0146c72d7dc67eea598dd255cf1b5fb8c4e47f95b71a5b7f4df9f990c3202d7dd718012c7cb3365a9c050e71b7c01bc3f7f7c27c31fed07d68e7db79587135fd9fc1c449d0730737e3a43bf8e5f4fd4f75b908fb71921b7186f77015c4e0d7ecff8d1a0c4326b5649ea2333635fce081a1202e338bba780bb19927f8998db5384ee192ae3ed5abc7f4ae7f55b14cb21406418d83c0c5079f7131e1872db79283ddad667b32e9c5e2a11cb137a35eb9212d9c6584a671e11464d7f42d2af92fa5ce12cc4bd955220a5e8dd208d169349b40d69f9896f154cf4f51b9f03ca272e44d840808f994943265c0bbc53993594666f191b63b27c5a80a4bbcfaaa1a949c66f00f82c01c82ae3735cc0413709ab7130ea1455977b785d6b8288e8a8a290a0dc13fb742c7f05c6106aa5d3452a4b47db64251d5556ea4ea6912bfa73e6f444b2895fd7ef591aaa4849cdc5cd1dae02a75d03af4cbd2775c89b909566f8116ee2a1a76470082ee40f4c6ed5ba180a9d1b80b1f22904eb7fe94660382677ae8f0a6b691ddf245d244239967632b7fc6b3bcc62e0c2507a95c5c6db3a64ea57106fea4c17ff8f8d976ad48a67a79d152c595a23c66bf6466b9578a57cceebb325973fff5f9113dc027fd697a592f03ef3a7b394ce31ad499a022a7145f817e3c43b2ef7d8c7698f4c3d54d3f3f5bc4f6cb2e5ca081d4fe371262c5c1e74c2495913350c41e57af4721b10fe139401ca65d14a9185b89990a6feaab62a37de229dafdd4eafd58685c5760d62f86dbc7be65d6f00f88001c82ae3735cc0413709ab71308a145597a3bc2541531703a1f749cc05df11b01cc289a8685150cd7d0e837fdd25ffd2e1acdd3020b1c9c8c5606e7fb741eba661fe66787fd69f5a69a55a1ea5a1dc86cc3ed330dcefdcfc33902a17a1bdcdba1d7eace6f9ca272c5501da3ff89c7f2643c99a81992d3640bf244ee4726dc450ae067c04afe2688162b4a0dbc59b22303ce5a9c3ea1699294eb677be05ebc3c0dbed8ec57c4deb2b35c64bf64f58bdf2feb442bd5e5a88b629a7b5fa64f5715334c673ec94551b7f4d415e4b4bc78b2b90bb0542ba51ca6b3742dc970cbd7ac808496ea3b6e376055dcced9ad1680ce8af0e631d8c08fb895fc95abd8f1a88974bf448c7f7cc9291a3edc257c7c1f2c19d023e9b4770ae875a13f4d46f7e8f4a5469e3e8dd7488474913202c5ca2b282e5274722f7781c3523a01f94630d5ebd54646b33c1d26d210998ec896715125c60ce757bc5aa87499688baa24d3d27c530c7c68f3dc9b688b2be27882c67063e6ca0976045864a707badbc0ff698af39c26f00e88001c82ae3735cc0413709ab7130f2145597440dbe75d0bb60c85983ea9ef1086626120e676087b29f8ec25b2f224998ba99e7b47f81b3feb29dade5594f2fbf51d72b12bcdab7110bec5cc53a38c47dc488979ba18a75502b5cf3cb7ff02d1f75590b1080b33c42281bb527f4a6c76efdc0bcadc1fa97f34950a635dddef54e1bb90cff1779fcdf60f169e185301a4786401bb8ec6f6e66e7b66c73925e659c102492c8f715663bbe59005ccf481ec3b497acb48e42b099ec7e1fe3c0e380ecba9be039ad9a5788d08a5f3df791f25211589ed76c1bcf2084eba8fd3b0ace61645380d11f64b45541061bf6ffec9925549b429274a62652655e1db6aee4d933bf6705f7cd611b0808d8492ee38a0d490a19e33ed791a01ca79bc40c87c3b7af3fdfcd182a770b4af28869b2cd6d0719ffdc1ee465eebab900dffa9f410a1302b1809a5f7ca997c2f32b71df7ef17849a6ab86c8b87788578982be978d4131db5df2531a6d47c0f6883f92fa80f2005fe19d0615bc034562bbd19537877e1ab691b76f0000000000000000000000000000000000000000000000000000000000000000000000000000000000000000000000000000000000000000000000000000000000000000000000000000000000000000000000000000000000000000000000000000000000000000000000000000000000000000000000000000000000000000000000000000000000000000000000000000000000000000000000000000000000, 'gr-01'),
('1118855964', 'kendy liceth', 'alfaro ortiz', 'kendy@hotmail.com', '123456', 0x00f87f01c82ae3735cc0413709ab7170b6145597dd2613eb0f93a66ddec8bb884c8fa826c5885ddd9c32d0803062a7962bee521475c6c6800256aafeda526a3651a430e7dfe471cbde4af1413101725df4f452f7d7e783bcf1fc2df7169081670b62bd8ac714a9e95adf5c9361e43366029771ef4e09c3754e0f283d61aee77cd15c0297fb2aee00698a41cdddcd0aec16876d73e6ee280195a1dc572fe090734a2db36267459aa5cdee0885cbab1d53fc24bad7e4d23e7e7ecf2a913e07175c12cccc62eef0be6be15fbd4a31acbe62c812d8ace9f11e1af58435b3aa6df35a0f69e82af04a7d834a1e5e804c9d3c07210ffb452b248268ebb8e99967cb8ed05fdfce736c870774e5db3861a6d14b1c4a744387c2d0454893b1d01487fbbd55afaf4aaff63cbde341b2a690cfa77910762afe2074208fe37e20c1983bd8c8e3bb4f1233fae410dcb878bd4dcdfa6ba8ec4324ac479db0cccd6044ddb7d5f471e49eacad1cb28047fc271ce7d647fd6b2166820c74d017273b00d13e5a6aaf3d6150ba6f00f87e01c82ae3735cc0413709ab71f0b6145597e006e6be5a0e546dca1f57bd75b9ef2f85075a2c0c14111e4fbe6a465c9a3a7f57e6830f4ee6071a1131fc0b489b819efdae305e57864a2d2f422b480d6fd50becd84dcc0dc60af05ebdbf8c3ce9c515747259638925cab416a98e268668497abbd0d8b4676041f54f7e19e93c9adec3ac84bbd53c29d0275db739e90d1fc37a235bcbd75abd5c5ad9881aa837aea7a9fbe2e83b535038b80a19fb09b60beaefed2f0d60cbaf730e973a794d71335c95f0a44087a90fb1fb7f6c19eaf50b4ca4afdae2bc24ff1600a85862150b7be8eab66f9223d55413211be8b70c6e24632d4e48466dbe75794d1deb217b0da97b315431ef3435598231de518c51eea2cd6e01a29f02797de81dcc4d56a92809e345c6145f63fc64b144a5ee8b0687dadd8d9cb0d3ad1b1e906689303b27608a8376696d5a93ca714497e37cc161a2f1c11d9b1da4ea7641e15ff209094cab0c708371bc966c9783367a34a5d0c2538ee9de932ae090d686d255a44c1d70cd576f00f88001c82ae3735cc0413709ab7170a0145597d2155dc7af1c6879523fb6f69cc66dbee12205b5fafaea6b8e780b9f58b19da774f3f16c72b353fdec9e67e5fa407736d6969b84c59268c5f7b359c7c798cd02cdadefbed9c5279f57049869be5f15afd117ff022bff31cb5cbf041d61700157b672c4a876bf917134f678a35c4f647ecc95f7674d6b3f70c48cbd3c2208c3d95f36f9dfc7f4e0e886612d853a8209f5197299b1997763d98c9938ee44f8311677e52d300e93e3cb243c256d2c58c46d1e7d2c49f1a8946c1c501dff191b24e989393a9dcf7323f97d491e328c6d17b469081d4cd205a2027aea93c5efd0723a7a7f8229a21d18d5af1b5c6305caf93fc353f0735fd27f0f146e44c24351267680460d0d7f554ffd9c672667131744bcbd723a2a4365692893fd84ae09b8549819087b4f76abd4335fea9f356f7f13f016b92ef1fbc3954fb6102d41964abbac3b0ef64ae60827ba5a3831666d1c73695f5b88b2f2ace8db7fedc1737d77b156a5d84255330286fb50d62e1d092e42976f00e87e01c82ae3735cc0413709ab71b0b0145597afd62ee98956d342c043587b400ddb8f6aeca30285bbbc069ebceb7023d532106ca6157eae77afa77761c661ce873d85c48d9c8ae4ee7a8c95085759ec96c47221903dd9c869186af4eea00d5e5823d665d3e652222799387264f6374588ea53a7f82bd81d2464c370f9c4bd2fd349190e2614570fa1e5e48e7370c1b73a1547516f2df7e3e65002fc6f8ea87c54a7abd834ed13bc6736ca61fa69e773caa4cda591793af9040215726f0798698d6264d0af15ff2734d92ce472da49685d83025cacfdbfb2ac456eaab02405a2bfabcc45bad356df3d9391c96788e5fc5763ae4a350dc2c4f65fad45230e11a08f15d344d18e63bb93a47a4b71b0cac22e2ab09f36dcb6302176495ec9fdb868869fc9f6d18716ae80bf6cf17941306af400611a8040c9abb6de70266c39b1e6ef6f591c3e4c6b4baebb673496f53821ac76fd5d761faaabc7ec8e4f758316d20a7c7c5503ce267ba3edf8d36bfb601e342e42ad67dcc04482b4f88fbdf0d860576f000000000000000000000000000000000000000000000000000000000000000000000000000000000000000000000000000000000000000000000000000000000000000000000000000000000000000000, 'gr-01'),
('12345678', 'estudiante', 'estudioante', 'estudioante@algo.com', '00000005', 0x00f87101c82ae3735cc0413709ab71308b14559728d8d690fd9c9179993a9041f7a4714a584df3d4d9b8124493779bf107557215b5b4bebf7192fcffb7f24fa39839b6750cde05fa55e59967caa4ec7a6fbed7772a494192bf1941a74578459fc30a4b56bcc6061d2af245ad9c9d87f316eb3fa686185e7f7955ae5ff52a976537a12cb1a974677045779b0373c4549597ecabdc6eb72629eef78b91d556d300861cbe52d32d32e085469aee03a7d22bf5063bd1d710bf31e6297347754b82ec0d1d017ee7a12d25dc3f07bee9938c37c607dfe0e31e2cf8013acc3c16b0d2018eb265693711a447948246f36eeeabca64ec28707cecd0f96ca66546c5480fe3aa59f3ef3b19a9104aba787f4aed8b6584a29fe10ea89edc2356581424108316bf40778c66642c51715a823c5d59a86e9baa693e9bfd833a1dbac9747eaae412f3c479d833d19785794cbd1e23ce219deb3127759a38c37c0d6ad81fecf24a0b2f6f9e898e3f43fa9011cc48c824bb3f3b618496ad6f00f86a01c82ae3735cc0413709ab71f0aa145597ad9f85a9c00198ec991558358ee4c35635f894e34f9e0741368d795c0654c0b168d6bbb090e6079e5f689849d8f10caf9325fc82b884bf086d835250f338ab987b23f82a65f6376569b7fcba29aae4e8b0774a80a4e92e4f25e5e6a4a3c2ecf9c324f3e95de72c7f6997caf1b1ad644060c44387f3f96ca51c483e99e97e253fd4c731c532c450676723664f3d04aa02c29396f13f8c8061cf16d4245b6190892fb88cff3975275329fb27f4cc4338c58bfd5004def156b053fbdb786b3be590dfb459b23c25bce29f15b6592ccecc35ebd55595402092aad701111a8666ec748d3f0554078ab25a808427921408f30954e14a3660bdd99c70f83bab55348c46b5ea143337d74b5a9fce50eedc7a349aca2bd4a05c060b34eb7a31a649c3db77db087ef89533a1d8e8df7cb3693fa09a928e36e4de2dd04a3092b4102d2998a126fbe3dccd205a5ac679d1b4b9bf7a17ef40a3a366ba78b3fe416f00f88001c82ae3735cc0413709ab71b0a814559726c1dfb961b99b5c9fe14032dbc5e753bd21bb24f4a89604581f351494650ca6ca427ea729de38bb9729102df1765b68482c09bcad4baa05f791475d303e0392aad0fb1fce287db2456b011c0e4911879974679e58ca7618be9b5f2c1abd41bf1ff4f4ac16e5b45ccc37500509970d30ce9ae5074930717ded5d669544812f7f2f963bbb93c480ae31cbd2e6be4adb2acb3ae2ce69ac9979b58b9497b37c49a9086071e78874169252cf84975d59ea3bc6fb017758a9b6129aad8ed9a559e72e95687839ad1e7504a7347e078eea94e8ffecf0445a2e883fb0641e18d2b0fd4967598dc6b78260a61e4c3740cfc159290ac90888a5604c4e1a74a8313459af544ed0d84de54f0907f1d7d831a36c3bd1e41c97741a787be83521170493a9c8c18cd7ac189f3998bfcc8906ded0301a39e7773850fa212651f20b6a1fb3bf0a9a7ee8371f5d566fdb93c5755f2d06b30986a04489646d772be8cfce0571bfe6cab1a6e5d1cdcbd1cfbd9a867c589615896f00e87f01c82ae3735cc0413709ab71f099145597adedb0056c04fcf0df5f43e620eafab8a50d1295fb1eb980f2a95f704c7adfe53e0dfd3200343f49b95ca4d2ee45fdc87cdf79c9f6a3c5424a0f5657211cf67fe3aa31551805fdeabe1cc206aab23f612062fee7046179f57d91bdf26c36a54507c9c617bd96b19814f6993009bdfd7d7028cbadf9b58112590fb79a58c4ce99417a4e38b59f87221caa5904e3a50a6c361698b58e7775c53f34900335e04f233af76a5c2e1dc5f7d2b7f9b4703e1671cded3fd0afaa42e9ffbb7965ab5d1feb733c7fcc257e73a093980749064dbcfd090881ea0450659c158710a87df784bfa9e8c3e6e5ef486f4576aba9336c44217e7e4537dc594ff53f4f7fe2f1f1590dd58752fdf40ce8fecbefc233ae20cbb8128a0fe9a0a5d02942443a771d87822ced5c7e6a6d5415d5ed9d4c9f3d867697d1b7017cd84236903d414e9446a7ef0ed6f3e3907c55740f70c39e8d9b711ba06667ca17092229b4b4715f54892b1af7b3e07a548e22761501416383eb74636f000000000000000000000000000000000000000000000000000000000000000000000000000000000000000000000000000000000000000000000000000000000000000000000000000000000000000000000000000000000000000000000000000000000000000000000000000000000000, 'gr-01'),
('12345679', 'estudiante2', 'estudioante2', 'estudioante2@algo.com', '00000005', 0x00f88001c82ae3735cc0413709ab71f0b414559738b5e5ea3fbb62c74292a1e54c7e548f9c4b3d880c10ebddef061a92d55a6fd17b623ecd2e6116f4bd01afcaa56a3fb9ad9ff2c54f136e66a041ed6b3329d739bd9dcf3ced3142e58c0a6dd518a4b740be4fd3ed05afe22032d58eaf22cd6803a55a5c9c104c6cfe3b5f6dbb1c10cb143e1cb70899e87912a927da29c772446221c5c46b4e4c49c114b3ebe446f920c106634afeb0a1ac3cf2082027ca9737fc3417a22b89aeb77ac25fd28e8bbf11a7099b4a647d1cfa3d427bf5a3352a79407e7b97c591eb6cb4ddb471157231189a2f9176d4695c41a1773e0436c312f50114dc9c665e33f0ecca7dcecdb1e3bde7cd1025c465fa87495124ddc7cd6adb3d8cc672c57fe9587446b5aa5a2c969b34e1f2b8796da97f3d9d97ba04307fb2afafa1d3a1682bcff13231252c60e5ec8fb1d765f98c85f401926aeaf1e07280f78b0b23bdfe7dcdf38bc6d50146746b6703f2bfd7e0d3c75d5a2d41e109176ac4558f1d6ab87f165da7fd7bee99b218596f00f87f01c82ae3735cc0413709ab7130481555970e0816c03e53d21a64d891ebe0a6cbc97e98ecbac8ed6cf905e6563a8d4078df8855ee2677d714e0cb9025778fd5ac9f6dafb4cb2ffbc763b7e20cf026105af2fda7baefbd069da3407e300e9b563e4c1d0279822a1073fd6f0ab249a0cae3827e920f29312a6ef5b7c21bebcff44e3dba8dcf56a2fac0b4bc227fb076ab1d86905c840ba5f49ec2a4d333d4b2da79c1230b8d94fba1758c3f87d0f1d2573df783419fe3a405a5e7e83da335788fcf1ca80aec130624da34a0f9a1c58c8f30d7cae5edb0f8ae59cbe909539f4e5552b724a78f9540abac6612fd3bba855114c43f64e082701f050db65a2bdf1f281faa3e8c659df49e02da40d9e96f428a7226b31e14b98b52cf106e26c84d65f35154b42cba27e71aea1e07f295f76015757e4a8340638ebe2d9c1ccf886f2e47010ad9189cbb97fcf0e1a9867d38aaa36fbca42867733a8de7a1848c461eab82fbc74de06e24c16c090e4ee55f8abad5eb6d24079e826043c757231fc85768455a6f00f88001c82ae3735cc0413709ab71f04e1555977357724c3348e6ee9ed987308440626bdb622f6fc27dab2c73a53ce31c630a5db0d274b700ae023d29e594f01e424a9c0f77a8bcd60d79921448bb8a050f632f5f4b31e0feda97e6f909766dbc04d2d623811d1f7ed54824b76ae1df18555e50af20bf77ff3142fa933fff6a034db24bc0342060cf7759c2089405e80a60a122943baa9710ca938e3898cce2859a1c9c18cbf555e3abcee376aa1975e8a3dfea5601a019826da6d40ddb616acef6ea0f1a59579e03260d67699bffe66f09e9fa33826a407f17cc3bd1c4ea8d2000f8fbca0030e42176294d7ea0b36f353229bafb53429f156cdca9cc30501938c06f3f23f84e705321223b96e78ca5c044a1897d4685d045a509519a39b21a802229a50677ded968e29807158b23090f6486b0dd2b19f8ae7490de5b44eb16bb99b1336501f8fb8b2c90b1aa120df3ac334c6f0b0e9ef2cf180d5e7fb3143b7dcb43397cb2821578000b5cba717e35b390c0ac932430fb2c12c34340e903d024abf34b6f00e87f01c82ae3735cc0413709ab71f0b6145597e011d9fbb40cfd330fc2366afbcb857668b647fcb1280a210e4a942fe89947b665df3a1dd8cc461940b5a886c8850b0631809dd5206bb3004b8f98d35ee10e81f08cede0ee10e78aef722d63e37b96c087c0702ebae4c55539154c88899639a6d095b3512cf044e3fe759b07b92dbb5202c627fafdac7ab70a51cdd86c0a8ba2aa33388a98d99f86100ff2a9657cba496aec5e39b621f23f9c9e4b83c917c374fcebd8df597cda3606a96d14c2d80be0055b90fa2360cc5d83b56bfbc2fd2af58f895c85ac9b9954975d19bf14d2db0d4aafa223cb4d3d3920b67a7414c861785444a3229ae6dca78e9473aa5f611e3ca88e371bd4c506f2199b3bfc596893deaeb7c25f4f265ed561cd7fd9fb9a8a98d1822af603617923395837566033889819b875002925af479b5542db89b65c15f4d44c0d339818ccef74b41fb12f55009b9ed9a851fe3e44e94333c524ec2df4c622040da8f55c5d712d5df9648995c5db4ebe6d12c16ff4af026464bcac6d6f000000000000000000000000000000000000000000000000000000000000000000000000000000000000000000000000000000000000000000000000000000000000000000000000000000000000, 'gr-01'),
('40923130', 'Ledis', 'Sarmiento', 'ledisbersage@hotmail.com', '123456', 0x00f87f01c82ae3735cc0413709ab7130a5145597188539d09057f84d4e24b338cc6e797bbf59232b1e0349a2eed6228e729289b25bb8688e556afc8ea33e9b7dac7c1301ed2ba6c0a48bf36135acf05f5d3d6815cdea1344d9e953fe9e52cc9eeb973b91388fe5effca8008b0a71a7ec120bb3173c71f6ac5fa08485fcf2bfafcbf105a145aa1ccf1482eef3727a1f6f98889a388f7146e776f754726f380959258ad72f27ba68a8b10c78822dce3cd16e53ab9ee0438c966e4ed7eceb34e2a6dec792593c82e4f7b03c1e791b8d2ec15fa71af2250d3b1e992d1d14864a8367b83602c48849a2239426e71a3661bd654b5f850e7cd6881cbe435ff13a4f7668d6e0367466ebe7f4a3c6894d12f36d09d35faf2848d5c14b40827937ad5cc0badfeb55ec38196f2e40bd3c488de1ecdaee7b59dfad1e8e71bc1a5d8e1c0cb57b94178be1389d86e9e43cd5101d525f209fa233c6412e04974ab4e6a7203f3fc5169c86831cb67b50dbfaffda8cd07aad0a5c26605fd17ccbf9f86474fe6a175ded87746f00f88101c82ae3735cc0413709ab7130ab1455971b317f90981055618d1c14e94f53492d53b6891daac4f280331595a71943492ceedd7fc1169fc60bcda12a21f3679964f9784df3f07d41d8fcd8437398acf25455850c4851118f1cc4c68476f3f500d53626adb0d4d9b695c440ea6b09077e068449a035f39e023e7ba54a24a4e77af11e87b539badb8bcf091003f89837f416d34158f8176327f7d024ab766e8bd9a7364e621e7641b8a3e7db0ea74558e3035f4b7a8117abaf973239f67a2bf58946219569707ea8699829f3148d86d03013ee53c3c3c31896e9b44e88dc39c9c0772882e0c8e2fbbe1ccde5e506cca8135b70afb5eb3c947718fd76522976d9e1e0b50c38db9ee41c3c5a1eeb9eee91031e676755f2af1476b3fd4e36cb4e2b353b1a6d89bcb358389c0392c1f730cbb94fbbee3b42f58d32141ed4813474a99180fb1468ec770b9df1a646067372d292b9edf9ad2713ee7adeb589889fa50d946ff8b9fe2fa67c951eb42ebd42cde38d1703f1e31fa3d1542ce51df498c8359265dd6f00f88101c82ae3735cc0413709ab71f0a3145597bce11f6ca0e7d9acaf5a65e0b3dbfa994a9c9cdb19e7359453230b080ed3e7559711a1eeaeac1691c58e3a34ae18c5c76fafd3ddb12203408d7db5d027140424687d035a524ccd986a5f4fbd6a4c4487d15146838440404aad66801a90840df069a2311dde569b0f7a8989c382a01e75424d286ab8d8c36cc200b77fe1b09d54705cc2f221a47b260769ac455da486b3bf043a3d658eae3782e2e42ef583b9bab2cf170dd02cae669f923387c8288a54c31853c28f66348fccfa22b288bef06e505609fadefe72cc343321f80470f029b97e0402fead8b2929e6e5529220e8d71c9499c88a8196d0afc13a6b12fd9f277ad7e1acb6cfbd7fc3d55c88c06d0a80696dd4cc3712614ed94f329ef186c9e817c53684de3de6dccecaa296f7db5f9ce4c904f60081bd85e6894e3f5f569b0666f52c44dd4475956a1b792ac5545210a98bd99bee22ece8ac358c74c2dca0965975215c601cdacb957d31269adc96e8959b776927215e9205ad2761d56896ab066f00e87f01c82ae3735cc0413709ab7130ab1455971b317a86991fafd0b375e3d3b89bc271f40d01022e70a35734639a52edaaa95e85efc9ce640d289f4f32e5c206df1693414248478d59f6154fcbeb1f7115d426ab0d6c49132d22fdc9cb919695e6cbd805756a8db40b4a7f395f4669f51598aac51c68eed91151d321f8a8bb2990229a8c8c0a6ac7b6d90fa364ed7373ce2842e63246b539c1fd63ae65f2fb452c8fc5cc4e30248cb36b2d0ba4134194a0ef71c3b194bd80410b72ce6bac6db5a43a0a4b326d5c4e3b8e0db8d1d4f286e719313fa63a65704f2083998903221ddb93c96c095a3956261bdda5b2114dca2c51470926b006cb022c609a36e04e5127f0507b4ec6484bbdd8ab0eea8c27b912a67befee857d26f1c9b03ffaefe718fd9bce8981f45b7114648dcfafeeb004e1959653f89bdadc7cb5caeca792fc45e8085ea6632443ee91d3e9cb562de5edf294003c7b2583c981812a028c098e1329bbf46df56f0c57adaa8763cb4efd77a30a426fa6769a6434be0354367074bca33a6f00000000000000000000000000000000000000000000000000000000000000000000000000000000000000000000000000000000000000000000000000000000000000000000000000000000, 'gr-01');

-- --------------------------------------------------------

--
-- Estructura de tabla para la tabla `estudiante_asistencia`
--

CREATE TABLE `estudiante_asistencia` (
  `codigo_estudiante` varchar(10) NOT NULL,
  `codigo_asistencia` varchar(30) NOT NULL,
  `asistencia` varchar(15) NOT NULL DEFAULT 'no'
) ENGINE=InnoDB DEFAULT CHARSET=latin1;

--
-- Volcado de datos para la tabla `estudiante_asistencia`
--

INSERT INTO `estudiante_asistencia` (`codigo_estudiante`, `codigo_asistencia`, `asistencia`) VALUES
('1023456877', 'mt-01gr-01:2852018', 'no'),
('1065653933', 'mt-01gr-01:2852018', 'no'),
('1085102397', 'mt-01gr-01:2852018', 'no'),
('1118855964', 'mt-01gr-01:2852018', 'si'),
('12345678', 'mt-01gr-01:2852018', 'no'),
('12345679', 'mt-01gr-01:2852018', 'no'),
('40923130', 'mt-01gr-01:2852018', 'si');

-- --------------------------------------------------------

--
-- Estructura de tabla para la tabla `grupo`
--

CREATE TABLE `grupo` (
  `codigo` varchar(10) NOT NULL,
  `nombre` varchar(10) DEFAULT NULL,
  `salon` varchar(5) DEFAULT NULL,
  `bloque` varchar(5) DEFAULT NULL,
  `materia_codigo` varchar(10) NOT NULL
) ENGINE=InnoDB DEFAULT CHARSET=latin1;

--
-- Volcado de datos para la tabla `grupo`
--

INSERT INTO `grupo` (`codigo`, `nombre`, `salon`, `bloque`, `materia_codigo`) VALUES
('gr-01', 'grupo 1', '202', 'i', 'mt-01'),
('gr-02', 'grupo 2', '203', 'a', 'mt-02'),
('gr02', 'grupo 2', '202', 'i', 'mt-01');

-- --------------------------------------------------------

--
-- Estructura de tabla para la tabla `horario`
--

CREATE TABLE `horario` (
  `codigo` varchar(10) NOT NULL,
  `dia` date DEFAULT NULL,
  `horas` varchar(30) DEFAULT NULL,
  `grupo_codigo` varchar(10) NOT NULL
) ENGINE=InnoDB DEFAULT CHARSET=latin1;

-- --------------------------------------------------------

--
-- Estructura de tabla para la tabla `materia`
--

CREATE TABLE `materia` (
  `codigo` varchar(10) NOT NULL,
  `nombre` varchar(20) DEFAULT NULL
) ENGINE=InnoDB DEFAULT CHARSET=latin1;

--
-- Volcado de datos para la tabla `materia`
--

INSERT INTO `materia` (`codigo`, `nombre`) VALUES
('mt-01', 'calculo'),
('mt-02', 'softwre ');

-- --------------------------------------------------------

--
-- Estructura de tabla para la tabla `materias_profesor`
--

CREATE TABLE `materias_profesor` (
  `materia_codigo` varchar(10) NOT NULL,
  `profesor_codigo` varchar(10) NOT NULL
) ENGINE=InnoDB DEFAULT CHARSET=latin1;

-- --------------------------------------------------------

--
-- Estructura de tabla para la tabla `profesor`
--

CREATE TABLE `profesor` (
  `codigo` varchar(10) NOT NULL,
  `nombre` varchar(30) DEFAULT NULL,
  `apellido` varchar(30) DEFAULT NULL,
  `correo` varchar(50) DEFAULT NULL,
  `telefono` varchar(10) DEFAULT NULL,
  `usuario` varchar(30) DEFAULT NULL,
  `clave` varchar(300) DEFAULT NULL
) ENGINE=InnoDB DEFAULT CHARSET=latin1;

--
-- Volcado de datos para la tabla `profesor`
--

INSERT INTO `profesor` (`codigo`, `nombre`, `apellido`, `correo`, `telefono`, `usuario`, `clave`) VALUES
('12345', 'nombre profesor', 'apellido profesor', 'profesor@hotmail.com', '1234567', 'profesor', 'profesor');

--
-- Índices para tablas volcadas
--

--
-- Indices de la tabla `asistencia`
--
ALTER TABLE `asistencia`
  ADD PRIMARY KEY (`codigo_asistencia`),
  ADD KEY `grupo_codigo` (`grupo_codigo`);

--
-- Indices de la tabla `estudiante`
--
ALTER TABLE `estudiante`
  ADD PRIMARY KEY (`codigo`),
  ADD KEY `estudiante_grupo_fk` (`grupo_codigo`);

--
-- Indices de la tabla `estudiante_asistencia`
--
ALTER TABLE `estudiante_asistencia`
  ADD PRIMARY KEY (`codigo_estudiante`,`codigo_asistencia`) USING BTREE,
  ADD KEY `codigo_asistencia` (`codigo_asistencia`);

--
-- Indices de la tabla `grupo`
--
ALTER TABLE `grupo`
  ADD PRIMARY KEY (`codigo`),
  ADD KEY `grupo_materia_fk` (`materia_codigo`);

--
-- Indices de la tabla `horario`
--
ALTER TABLE `horario`
  ADD PRIMARY KEY (`codigo`),
  ADD KEY `horario_grupo_fk` (`grupo_codigo`);

--
-- Indices de la tabla `materia`
--
ALTER TABLE `materia`
  ADD PRIMARY KEY (`codigo`);

--
-- Indices de la tabla `materias_profesor`
--
ALTER TABLE `materias_profesor`
  ADD PRIMARY KEY (`materia_codigo`,`profesor_codigo`),
  ADD KEY `relation_8_profesor_fk` (`profesor_codigo`);

--
-- Indices de la tabla `profesor`
--
ALTER TABLE `profesor`
  ADD PRIMARY KEY (`codigo`);

--
-- Restricciones para tablas volcadas
--

--
-- Filtros para la tabla `asistencia`
--
ALTER TABLE `asistencia`
  ADD CONSTRAINT `asistencia_ibfk_1` FOREIGN KEY (`grupo_codigo`) REFERENCES `grupo` (`codigo`);

--
-- Filtros para la tabla `estudiante`
--
ALTER TABLE `estudiante`
  ADD CONSTRAINT `estudiante_grupo_fk` FOREIGN KEY (`grupo_codigo`) REFERENCES `grupo` (`codigo`);

--
-- Filtros para la tabla `estudiante_asistencia`
--
ALTER TABLE `estudiante_asistencia`
  ADD CONSTRAINT `estudiante_asistencia_ibfk_1` FOREIGN KEY (`codigo_asistencia`) REFERENCES `asistencia` (`codigo_asistencia`),
  ADD CONSTRAINT `estudiante_asistencia_ibfk_2` FOREIGN KEY (`codigo_estudiante`) REFERENCES `estudiante` (`codigo`);

--
-- Filtros para la tabla `grupo`
--
ALTER TABLE `grupo`
  ADD CONSTRAINT `grupo_materia_fk` FOREIGN KEY (`materia_codigo`) REFERENCES `materia` (`codigo`);

--
-- Filtros para la tabla `horario`
--
ALTER TABLE `horario`
  ADD CONSTRAINT `horario_grupo_fk` FOREIGN KEY (`grupo_codigo`) REFERENCES `grupo` (`codigo`);

--
-- Filtros para la tabla `materias_profesor`
--
ALTER TABLE `materias_profesor`
  ADD CONSTRAINT `relation_8_materia_fk` FOREIGN KEY (`materia_codigo`) REFERENCES `materia` (`codigo`),
  ADD CONSTRAINT `relation_8_profesor_fk` FOREIGN KEY (`profesor_codigo`) REFERENCES `profesor` (`codigo`);
COMMIT;

/*!40101 SET CHARACTER_SET_CLIENT=@OLD_CHARACTER_SET_CLIENT */;
/*!40101 SET CHARACTER_SET_RESULTS=@OLD_CHARACTER_SET_RESULTS */;
/*!40101 SET COLLATION_CONNECTION=@OLD_COLLATION_CONNECTION */;
